{"stats":{"minecraft:broken":{"minecraft:stone_axe":1,"minecraft:stone_shovel":1},"minecraft:picked_up":{"minecraft:shulker_shell":25,"minecraft:wheat":36,"minecraft:smithing_table":2,"minecraft:diamond_sword":4,"minecraft:enchanted_book":1,"minecraft:potion":1,"minecraft:stone_brick_stairs":1,"minecraft:music_disc_cat":3,"minecraft:string":27,"minecraft:raw_copper":13,"minecraft:cooked_salmon":2,"minecraft:experience_bottle":116,"minecraft:diamond_leggings":2,"minecraft:gold_nugget":1,"minecraft:cobbled_deepslate":2,"minecraft:bucket":3,"minecraft:acacia_sign":38,"minecraft:enchanted_golden_apple":19,"minecraft:melon_slice":49,"minecraft:furnace":2,"minecraft:stick":16,"minecraft:composter":1,"minecraft:torch":64,"minecraft:acacia_log":233,"minecraft:porkchop":19,"minecraft:diorite":4,"minecraft:rotten_flesh":40,"minecraft:armadillo_scute":14,"minecraft:obsidian":4,"minecraft:iron_bars":16,"minecraft:cobblestone":193,"minecraft:birch_log":35,"minecraft:enchanting_table":1,"minecraft:feather":12,"minecraft:cooked_beef":5,"minecraft:water_bucket":1,"minecraft:andesite":2,"minecraft:acacia_boat":2,"minecraft:lapis_lazuli":181,"minecraft:dirt":551,"minecraft:bone":25,"minecraft:acacia_planks":4,"minecraft:bow":1,"minecraft:wheat_seeds":47,"minecraft:bell":2,"minecraft:bamboo":1,"minecraft:fletching_table":2,"minecraft:diamond_helmet":2,"minecraft:cooked_porkchop":5,"minecraft:poisonous_potato":1,"minecraft:sand":70,"minecraft:dark_oak_log":148,"minecraft:diamond":168,"minecraft:granite":7,"minecraft:bread":39,"minecraft:emerald":837,"minecraft:chorus_fruit":11,"minecraft:diamond_pickaxe":5,"minecraft:crafting_table":7,"minecraft:azure_bluet":71,"minecraft:chicken":14,"minecraft:leather_leggings":2,"minecraft:wooden_pickaxe":2,"minecraft:gold_block":1,"minecraft:dragon_head":1,"minecraft:shield":3,"minecraft:elytra":2,"minecraft:iron_axe":1,"minecraft:beef":6,"minecraft:spire_armor_trim_smithing_template":1,"minecraft:poppy":5,"minecraft:lectern":119,"minecraft:sugar_cane":12,"minecraft:egg":2,"minecraft:dark_oak_sapling":1,"minecraft:raw_iron":18,"minecraft:end_stone":8,"minecraft:carrot":56,"minecraft:iron_horse_armor":2,"minecraft:dark_oak_planks":161,"minecraft:tnt":3,"minecraft:cooked_cod":4,"minecraft:stone_shovel":2,"minecraft:arrow":63,"minecraft:diamond_chestplate":2,"minecraft:nether_bricks":10,"minecraft:diamond_boots":2,"minecraft:hay_block":20,"minecraft:saddle":2,"minecraft:gold_ingot":2,"minecraft:mutton":8,"minecraft:golden_carrot":6,"minecraft:leather":14,"minecraft:acacia_wood":1,"minecraft:filled_map":1,"minecraft:birch_planks":124,"minecraft:nether_wart_block":1,"minecraft:gunpowder":6,"minecraft:paper":10,"minecraft:apple":52,"minecraft:kelp":6,"minecraft:iron_ingot":38,"minecraft:stone_pickaxe":3,"minecraft:acacia_sapling":4,"minecraft:book":52,"minecraft:birch_boat":4,"minecraft:lava_bucket":1,"minecraft:white_bed":4,"minecraft:spider_eye":2,"minecraft:dragon_egg":1,"minecraft:firework_rocket":112,"minecraft:diamond_shovel":3,"minecraft:stone_axe":1,"minecraft:diamond_axe":3,"minecraft:coal":127,"minecraft:ender_pearl":37},"minecraft:crafted":{"minecraft:diamond_shovel":1,"minecraft:bookshelf":25,"minecraft:cake":7,"minecraft:glass":160,"minecraft:diamond_leggings":1,"minecraft:diamond_helmet":1,"minecraft:bow":7,"minecraft:chest":4,"minecraft:arrow":64,"minecraft:emerald":222,"minecraft:cooked_porkchop":7,"minecraft:diamond_axe":1,"minecraft:crafting_table":5,"minecraft:wooden_pickaxe":1,"minecraft:smithing_table":2,"minecraft:birch_planks":56,"minecraft:apple":152,"minecraft:lectern":17,"minecraft:dark_oak_slab":78,"minecraft:stick":188,"minecraft:compass":8,"minecraft:cookie":342,"minecraft:stone_shovel":2,"minecraft:experience_bottle":12,"minecraft:lantern":35,"minecraft:ender_pearl":2,"minecraft:stone_pickaxe":11,"minecraft:diamond_boots":1,"minecraft:dark_oak_planks":288,"minecraft:wheat":180,"minecraft:cooked_beef":7,"minecraft:diamond_sword":16,"minecraft:stone_axe":1,"minecraft:glowstone":10,"minecraft:enchanted_book":21,"minecraft:bread":531,"minecraft:air":0,"minecraft:chainmail_boots":1,"minecraft:pumpkin_pie":32,"minecraft:acacia_planks":48,"minecraft:torch":64,"minecraft:lapis_lazuli":6,"minecraft:diamond_chestplate":1},"minecraft:killed_by":{"minecraft:creeper":1,"minecraft:player":1,"minecraft:iron_golem":1},"minecraft:dropped":{"minecraft:acacia_boat":1,"minecraft:porkchop":1,"minecraft:diamond_axe":3,"minecraft:lapis_lazuli":81,"minecraft:chorus_fruit":4,"minecraft:ender_pearl":4,"minecraft:glass_bottle":1,"minecraft:diamond":3,"minecraft:cookie":64,"minecraft:iron_horse_armor":2,"minecraft:saddle":2,"minecraft:emerald":129,"minecraft:dirt":188,"minecraft:cooked_cod":8,"minecraft:dark_oak_planks":3,"minecraft:birch_log":15,"minecraft:gold_ingot":4,"minecraft:bone":8,"minecraft:cobbled_deepslate":2,"minecraft:wheat":36,"minecraft:obsidian":1,"minecraft:rotten_flesh":13,"minecraft:enchanted_golden_apple":1,"minecraft:diamond_shovel":3,"minecraft:azure_bluet":7,"minecraft:carrot":39,"minecraft:shulker_shell":25,"minecraft:poppy":2,"minecraft:acacia_sapling":4,"minecraft:stone_brick_stairs":1,"minecraft:lectern":7,"minecraft:firework_rocket":1,"minecraft:iron_ingot":31,"minecraft:bread":345,"minecraft:wheat_seeds":24,"minecraft:tnt":4,"minecraft:diamond_leggings":1,"minecraft:feather":4,"minecraft:cobblestone":94,"minecraft:book":2,"minecraft:granite":7,"minecraft:stick":8,"minecraft:diamond_helmet":1,"minecraft:cooked_salmon":4,"minecraft:armadillo_scute":5,"minecraft:heart_of_the_sea":1,"minecraft:string":13,"minecraft:bucket":2,"minecraft:music_disc_cat":3,"minecraft:kelp":2,"minecraft:nether_bricks":5,"minecraft:filled_map":1,"minecraft:diamond_sword":4,"minecraft:shield":1,"minecraft:diamond_pickaxe":1,"minecraft:spider_eye":1,"minecraft:diamond_boots":2,"minecraft:wooden_pickaxe":1},"minecraft:used":{"minecraft:elytra":9,"minecraft:chest":4,"minecraft:shield":10,"minecraft:bell":2,"minecraft:carrot":1,"minecraft:obsidian":3,"minecraft:lava_bucket":4,"minecraft:lantern":2,"minecraft:dark_oak_slab":8,"minecraft:bow":108,"minecraft:furnace":1,"minecraft:chorus_fruit":3,"minecraft:stone_pickaxe":61,"minecraft:ender_pearl":31,"minecraft:wooden_pickaxe":12,"minecraft:composter":1,"minecraft:diamond_axe":413,"minecraft:cookie":2,"minecraft:sand":22,"minecraft:firework_rocket":48,"minecraft:melon_slice":5,"minecraft:bread":13,"minecraft:lectern":127,"minecraft:nether_wart_block":1,"minecraft:diamond_sword":129,"minecraft:smithing_table":4,"minecraft:experience_bottle":128,"minecraft:enchanting_table":1,"minecraft:stone_shovel":191,"minecraft:torch":8,"minecraft:dirt":136,"minecraft:dark_oak_planks":3,"minecraft:bookshelf":8,"minecraft:iron_axe":10,"minecraft:diamond_chestplate":11,"minecraft:cooked_beef":5,"minecraft:acacia_planks":4,"minecraft:enchanted_golden_apple":9,"minecraft:water_bucket":9,"minecraft:birch_boat":3,"minecraft:fletching_table":2,"minecraft:crafting_table":7,"minecraft:white_bed":1,"minecraft:diamond_pickaxe":205,"minecraft:apple":35,"minecraft:diamond_shovel":197,"minecraft:acacia_sign":18,"minecraft:stone_axe":92,"minecraft:cobblestone":14,"minecraft:potion":1,"minecraft:cooked_porkchop":2,"minecraft:porkchop":4,"minecraft:bucket":13},"minecraft:custom":{"minecraft:interact_with_crafting_table":32,"minecraft:bell_ring":96,"minecraft:eat_cake_slice":2,"minecraft:leave_game":4,"minecraft:time_since_death":11791,"minecraft:damage_resisted":658,"minecraft:sprint_one_cm":392808,"minecraft:damage_blocked_by_shield":330,"minecraft:drop":596,"minecraft:talked_to_villager":604,"minecraft:play_time":288729,"minecraft:deaths":4,"minecraft:jump":3410,"minecraft:interact_with_brewingstand":1,"minecraft:walk_on_water_one_cm":16342,"minecraft:enchant_item":4,"minecraft:interact_with_furnace":10,"minecraft:traded_with_villager":544,"minecraft:sleep_in_bed":14,"minecraft:damage_dealt":12264,"minecraft:player_kills":2,"minecraft:crouch_one_cm":76067,"minecraft:horse_one_cm":68299,"minecraft:interact_with_smithing_table":2,"minecraft:mob_kills":81,"minecraft:interact_with_anvil":34,"minecraft:climb_one_cm":2916,"minecraft:walk_one_cm":711886,"minecraft:sneak_time":18564,"minecraft:walk_under_water_one_cm":10298,"minecraft:boat_one_cm":130527,"minecraft:total_world_time":288729,"minecraft:interact_with_grindstone":6,"minecraft:time_since_rest":11820,"minecraft:damage_taken":4459,"minecraft:damage_absorbed":1035,"minecraft:swim_one_cm":41178,"minecraft:fly_one_cm":901823,"minecraft:open_chest":168,"minecraft:aviate_one_cm":1832692,"minecraft:fall_one_cm":77952},"minecraft:killed":{"minecraft:spider":5,"minecraft:shulker":1,"minecraft:skeleton":12,"minecraft:chicken":5,"minecraft:silverfish":1,"minecraft:piglin":7,"minecraft:pig":4,"minecraft:iron_golem":2,"minecraft:ender_dragon":1,"minecraft:creeper":4,"minecraft:sheep":1,"minecraft:zombie":19,"minecraft:cow":1,"minecraft:blaze":3,"minecraft:armadillo":1,"minecraft:hoglin":3,"minecraft:wither_skeleton":1,"minecraft:enderman":3},"minecraft:mined":{"minecraft:dark_oak_planks":1,"minecraft:white_bed":2,"minecraft:obsidian":4,"minecraft:granite":2,"minecraft:grass_block":126,"minecraft:composter":1,"minecraft:spawner":2,"minecraft:iron_ore":10,"minecraft:fire":23,"minecraft:fletching_table":2,"minecraft:deepslate_lapis_ore":2,"minecraft:kelp_plant":1,"minecraft:torch":2,"minecraft:melon":5,"minecraft:nether_quartz_ore":3,"minecraft:cobblestone":4,"minecraft:sugar_cane":3,"minecraft:iron_door":1,"minecraft:wall_torch":2,"minecraft:amethyst_block":4,"minecraft:nether_wart_block":1,"minecraft:birch_log":19,"minecraft:stone_brick_stairs":2,"minecraft:sand":38,"minecraft:dirt":231,"minecraft:netherrack":3,"minecraft:deepslate":2,"minecraft:dark_oak_leaves":8,"minecraft:deepslate_diamond_ore":2,"minecraft:dark_oak_log":39,"minecraft:nether_bricks":8,"minecraft:kelp":2,"minecraft:hay_block":20,"minecraft:gold_block":1,"minecraft:bell":1,"minecraft:bookshelf":8,"minecraft:vine":4,"minecraft:deepslate_iron_ore":1,"minecraft:chorus_plant":1,"minecraft:stone":64,"minecraft:smithing_table":2,"minecraft:magenta_stained_glass":1,"minecraft:crafting_table":4,"minecraft:short_grass":172,"minecraft:lectern":119,"minecraft:tall_grass":28,"minecraft:copper_ore":2,"minecraft:coal_ore":101,"minecraft:dripstone_block":1,"minecraft:cracked_stone_bricks":1,"minecraft:acacia_wall_sign":1}},"DataVersion":3955}