{"stats":{"minecraft:used":{"minecraft:ladder":3,"minecraft:chest":27,"minecraft:shield":12,"minecraft:iron_sword":1,"minecraft:obsidian":2,"minecraft:lava_bucket":84,"minecraft:golden_sword":1,"minecraft:bow":78,"minecraft:furnace":1,"minecraft:cooked_cod":3,"minecraft:diamond_boots":1,"minecraft:stone_pickaxe":77,"minecraft:ender_pearl":61,"minecraft:wooden_pickaxe":6,"minecraft:diamond_axe":218,"minecraft:cookie":15,"minecraft:golden_apple":1,"minecraft:sand":3,"minecraft:blast_furnace":1,"minecraft:end_stone":4,"minecraft:firework_rocket":261,"minecraft:bread":3,"minecraft:lectern":130,"minecraft:iron_door":1,"minecraft:diamond_sword":142,"minecraft:grindstone":1,"minecraft:smithing_table":8,"minecraft:experience_bottle":18,"minecraft:flint_and_steel":1,"minecraft:cooked_salmon":2,"minecraft:orange_bed":10,"minecraft:torch":49,"minecraft:brewing_stand":1,"minecraft:dirt":168,"minecraft:anvil":4,"minecraft:diamond_helmet":1,"minecraft:wooden_axe":1,"minecraft:bookshelf":44,"minecraft:acacia_slab":21,"minecraft:diamond_chestplate":1,"minecraft:glowstone":5,"minecraft:golden_carrot":11,"minecraft:cooked_beef":2,"minecraft:acacia_planks":2,"minecraft:enchanted_golden_apple":20,"minecraft:acacia_boat":1,"minecraft:water_bucket":82,"minecraft:birch_boat":2,"minecraft:fletching_table":4,"minecraft:crafting_table":11,"minecraft:red_bed":2,"minecraft:white_bed":27,"minecraft:ender_eye":11,"minecraft:diamond_pickaxe":675,"minecraft:diamond_shovel":605,"minecraft:acacia_sign":3,"minecraft:iron_pickaxe":1,"minecraft:stone_axe":120,"minecraft:cobblestone":35,"minecraft:potion":1,"minecraft:bucket":166},"minecraft:broken":{"minecraft:stone_axe":1},"minecraft:crafted":{"minecraft:blaze_powder":16,"minecraft:birch_boat":3,"minecraft:bookshelf":8,"minecraft:diamond_helmet":4,"minecraft:diamond_leggings":3,"minecraft:iron_boots":12,"minecraft:chest":1,"minecraft:ender_eye":11,"minecraft:emerald":86,"minecraft:diamond_axe":3,"minecraft:crafting_table":5,"minecraft:wooden_pickaxe":1,"minecraft:iron_helmet":6,"minecraft:smithing_table":1,"minecraft:birch_planks":112,"minecraft:diamond_pickaxe":5,"minecraft:shield":2,"minecraft:stick":32,"minecraft:iron_ingot":189,"minecraft:iron_pickaxe":1,"minecraft:iron_block":16,"minecraft:golden_carrot":93,"minecraft:redstone":24,"minecraft:diamond_hoe":3,"minecraft:experience_bottle":18,"minecraft:furnace":1,"minecraft:iron_axe":1,"minecraft:ladder":3,"minecraft:ender_pearl":22,"minecraft:stone_pickaxe":29,"minecraft:diamond_boots":3,"minecraft:dark_oak_planks":8,"minecraft:chainmail_leggings":12,"minecraft:cooked_beef":2,"minecraft:diamond_sword":2,"minecraft:iron_sword":1,"minecraft:bell":6,"minecraft:bucket":4,"minecraft:stone_axe":13,"minecraft:glowstone":10,"minecraft:enchanted_book":64,"minecraft:acacia_boat":2,"minecraft:bread":18,"minecraft:air":0,"minecraft:chainmail_boots":12,"minecraft:wooden_axe":1,"minecraft:anvil":4,"minecraft:white_bed":1,"minecraft:acacia_planks":28,"minecraft:lapis_lazuli":12,"minecraft:diamond_chestplate":3},"minecraft:picked_up":{"minecraft:shulker_shell":51,"minecraft:wheat":18,"minecraft:chainmail_boots":5,"minecraft:smithing_table":11,"minecraft:diamond_sword":6,"minecraft:enchanted_book":17,"minecraft:stone_brick_stairs":2,"minecraft:brewing_stand":2,"minecraft:music_disc_cat":1,"minecraft:string":15,"minecraft:cooked_salmon":6,"minecraft:experience_bottle":96,"minecraft:diamond_leggings":5,"minecraft:bucket":1,"minecraft:acacia_sign":51,"minecraft:iron_pickaxe":1,"minecraft:enchanted_golden_apple":1,"minecraft:iron_boots":6,"minecraft:furnace":1,"minecraft:stick":30,"minecraft:torch":3,"minecraft:acacia_log":45,"minecraft:porkchop":2,"minecraft:orange_bed":10,"minecraft:rotten_flesh":21,"minecraft:armadillo_scute":10,"minecraft:iron_block":3,"minecraft:bookshelf":38,"minecraft:blaze_rod":8,"minecraft:obsidian":11,"minecraft:iron_bars":1,"minecraft:blaze_powder":6,"minecraft:cobblestone":214,"minecraft:birch_log":22,"minecraft:enchanting_table":1,"minecraft:feather":8,"minecraft:iron_door":1,"minecraft:water_bucket":2,"minecraft:tuff":12,"minecraft:lapis_lazuli":181,"minecraft:dirt":444,"minecraft:bone":29,"minecraft:bow":1,"minecraft:wheat_seeds":66,"minecraft:fletching_table":2,"minecraft:diamond_helmet":5,"minecraft:sand":15,"minecraft:dark_oak_log":36,"minecraft:diamond":235,"minecraft:granite":23,"minecraft:emerald":11991,"minecraft:bread":1,"minecraft:crimson_roots":2,"minecraft:diamond_pickaxe":8,"minecraft:crafting_table":7,"minecraft:azure_bluet":66,"minecraft:chicken":3,"minecraft:leather_leggings":1,"minecraft:wooden_pickaxe":1,"minecraft:dragon_head":1,"minecraft:shield":2,"minecraft:cornflower":13,"minecraft:red_bed":2,"minecraft:elytra":1,"minecraft:beef":9,"minecraft:spire_armor_trim_smithing_template":2,"minecraft:poppy":8,"minecraft:lectern":139,"minecraft:chest":2,"minecraft:sugar_cane":2,"minecraft:diamond_hoe":1,"minecraft:egg":2,"minecraft:end_stone":4,"minecraft:raw_iron":3,"minecraft:sandstone":10,"minecraft:cookie":173,"minecraft:carrot":7,"minecraft:iron_horse_armor":1,"minecraft:dark_oak_planks":3,"minecraft:tnt":2,"minecraft:arrow":14,"minecraft:diamond_chestplate":4,"minecraft:cooked_cod":8,"minecraft:diamond_boots":4,"minecraft:saddle":2,"minecraft:gold_ingot":4,"minecraft:mutton":4,"minecraft:white_wool":3,"minecraft:golden_carrot":139,"minecraft:leather":7,"minecraft:birch_planks":51,"minecraft:filled_map":1,"minecraft:kelp":4,"minecraft:heart_of_the_sea":1,"minecraft:iron_ingot":248,"minecraft:stone_pickaxe":1,"minecraft:acacia_sapling":2,"minecraft:book":819,"minecraft:birch_boat":2,"minecraft:quartz":6,"minecraft:dandelion":5,"minecraft:white_bed":7,"minecraft:spider_eye":2,"minecraft:diamond_shovel":2,"minecraft:stone_axe":7,"minecraft:chainmail_leggings":3,"minecraft:iron_helmet":4,"minecraft:diamond_axe":5,"minecraft:acacia_slab":5,"minecraft:coal":23,"minecraft:ender_pearl":23},"minecraft:custom":{"minecraft:animals_bred":1,"minecraft:interact_with_crafting_table":90,"minecraft:bell_ring":1,"minecraft:leave_game":8,"minecraft:time_since_death":7449,"minecraft:damage_resisted":2440,"minecraft:sprint_one_cm":475763,"minecraft:damage_blocked_by_shield":915,"minecraft:drop":540,"minecraft:talked_to_villager":572,"minecraft:play_time":334786,"minecraft:deaths":9,"minecraft:jump":4178,"minecraft:interact_with_brewingstand":1,"minecraft:walk_on_water_one_cm":25424,"minecraft:enchant_item":1,"minecraft:interact_with_furnace":5,"minecraft:traded_with_villager":372,"minecraft:sleep_in_bed":20,"minecraft:damage_dealt":14425,"minecraft:player_kills":3,"minecraft:crouch_one_cm":43644,"minecraft:horse_one_cm":17916,"minecraft:interact_with_smithing_table":22,"minecraft:interact_with_anvil":97,"minecraft:mob_kills":56,"minecraft:climb_one_cm":3126,"minecraft:walk_one_cm":832684,"minecraft:sneak_time":11219,"minecraft:walk_under_water_one_cm":16755,"minecraft:boat_one_cm":180157,"minecraft:interact_with_blast_furnace":1,"minecraft:total_world_time":334786,"minecraft:interact_with_grindstone":5,"minecraft:time_since_rest":7477,"minecraft:damage_absorbed":1946,"minecraft:damage_taken":6081,"minecraft:swim_one_cm":56117,"minecraft:fly_one_cm":896323,"minecraft:open_chest":344,"minecraft:aviate_one_cm":1750377,"minecraft:fall_one_cm":141739},"minecraft:killed_by":{"minecraft:player":2,"minecraft:iron_golem":5},"minecraft:dropped":{"minecraft:acacia_boat":1,"minecraft:lapis_lazuli":100,"minecraft:ender_pearl":37,"minecraft:diamond":120,"minecraft:emerald":18705,"minecraft:dirt":138,"minecraft:crimson_roots":2,"minecraft:sand":12,"minecraft:bone":27,"minecraft:obsidian":1,"minecraft:rotten_flesh":13,"minecraft:enchanted_golden_apple":11,"minecraft:blaze_powder":1,"minecraft:azure_bluet":2,"minecraft:white_bed":1,"minecraft:carrot":255,"minecraft:shulker_shell":25,"minecraft:firework_star":64,"minecraft:poppy":5,"minecraft:arrow":98,"minecraft:stone_brick_stairs":2,"minecraft:quartz":6,"minecraft:enchanting_table":1,"minecraft:lectern":17,"minecraft:firework_rocket":59,"minecraft:water_bucket":1,"minecraft:enchanted_book":4,"minecraft:iron_ingot":18,"minecraft:wheat_seeds":3,"minecraft:smithing_table":1,"minecraft:bookshelf":62,"minecraft:feather":4,"minecraft:cobblestone":55,"minecraft:book":21,"minecraft:acacia_log":45,"minecraft:coal":7,"minecraft:stick":12,"minecraft:acacia_sign":68,"minecraft:golden_carrot":9,"minecraft:brewing_stand":1,"minecraft:torch":1,"minecraft:cooked_salmon":2,"minecraft:diamond_helmet":1,"minecraft:potion":1,"minecraft:armadillo_scute":3,"minecraft:iron_axe":1,"minecraft:string":1,"minecraft:bucket":5,"minecraft:kelp":2,"minecraft:experience_bottle":116,"minecraft:diamond_sword":3,"minecraft:shield":1,"minecraft:diamond_pickaxe":3,"minecraft:spider_eye":1,"minecraft:birch_boat":1,"minecraft:wooden_pickaxe":1},"minecraft:mined":{"minecraft:dragon_wall_head":1,"minecraft:white_bed":3,"minecraft:brewing_stand":2,"minecraft:obsidian":2,"minecraft:granite":24,"minecraft:grass_block":167,"minecraft:iron_ore":5,"minecraft:fire":7,"minecraft:fletching_table":2,"minecraft:dirt_path":24,"minecraft:iron_bars":1,"minecraft:end_stone_bricks":2,"minecraft:orange_bed":10,"minecraft:red_bed":2,"minecraft:chest":1,"minecraft:nether_quartz_ore":3,"minecraft:cobblestone":2,"minecraft:sugar_cane":2,"minecraft:iron_door":1,"minecraft:wall_torch":2,"minecraft:birch_log":23,"minecraft:purpur_block":1,"minecraft:sand":14,"minecraft:dirt":476,"minecraft:deepslate":18,"minecraft:oak_leaves":1,"minecraft:tuff":12,"minecraft:dark_oak_leaves":3,"minecraft:dark_oak_log":36,"minecraft:end_stone":16,"minecraft:acacia_slab":5,"minecraft:sandstone":10,"minecraft:furnace":1,"minecraft:andesite":2,"minecraft:bookshelf":8,"minecraft:stone":583,"minecraft:ender_chest":1,"minecraft:smithing_table":8,"minecraft:crafting_table":6,"minecraft:short_grass":38,"minecraft:lectern":123,"minecraft:purpur_pillar":1,"minecraft:tall_grass":9,"minecraft:diorite":4,"minecraft:coal_ore":9,"minecraft:cracked_stone_bricks":1,"minecraft:stone_bricks":2,"minecraft:mossy_stone_bricks":1,"minecraft:acacia_wall_sign":1},"minecraft:killed":{"minecraft:spider":5,"minecraft:shulker":2,"minecraft:skeleton":8,"minecraft:chicken":2,"minecraft:pig":3,"minecraft:iron_golem":3,"minecraft:creeper":1,"minecraft:sheep":3,"minecraft:zombie":6,"minecraft:blaze":5,"minecraft:cow":6,"minecraft:wither_skeleton":5,"minecraft:villager":1,"minecraft:enderman":2}},"DataVersion":3955}