{"stats":{"minecraft:used":{"minecraft:flint_and_steel":1,"minecraft:ladder":3,"minecraft:chest":27,"minecraft:shield":10,"minecraft:iron_sword":1,"minecraft:cooked_salmon":2,"minecraft:orange_bed":10,"minecraft:torch":49,"minecraft:brewing_stand":1,"minecraft:dirt":166,"minecraft:anvil":4,"minecraft:obsidian":2,"minecraft:wooden_axe":1,"minecraft:lava_bucket":69,"minecraft:bookshelf":44,"minecraft:acacia_slab":21,"minecraft:golden_sword":1,"minecraft:bow":78,"minecraft:glowstone":5,"minecraft:golden_carrot":9,"minecraft:furnace":1,"minecraft:cooked_cod":3,"minecraft:cooked_beef":2,"minecraft:acacia_planks":2,"minecraft:enchanted_golden_apple":20,"minecraft:acacia_boat":1,"minecraft:water_bucket":82,"minecraft:stone_pickaxe":77,"minecraft:ender_pearl":61,"minecraft:birch_boat":2,"minecraft:wooden_pickaxe":6,"minecraft:diamond_axe":143,"minecraft:fletching_table":4,"minecraft:cookie":3,"minecraft:golden_apple":1,"minecraft:sand":3,"minecraft:blast_furnace":1,"minecraft:crafting_table":10,"minecraft:red_bed":2,"minecraft:white_bed":27,"minecraft:end_stone":4,"minecraft:ender_eye":11,"minecraft:diamond_pickaxe":644,"minecraft:firework_rocket":261,"minecraft:diamond_shovel":605,"minecraft:acacia_sign":3,"minecraft:bread":3,"minecraft:iron_pickaxe":1,"minecraft:lectern":130,"minecraft:iron_door":1,"minecraft:stone_axe":120,"minecraft:diamond_sword":128,"minecraft:potion":1,"minecraft:cobblestone":35,"minecraft:grindstone":1,"minecraft:bucket":151,"minecraft:experience_bottle":12},"minecraft:broken":{"minecraft:stone_axe":1},"minecraft:crafted":{"minecraft:redstone":24,"minecraft:experience_bottle":12,"minecraft:blaze_powder":16,"minecraft:diamond_hoe":3,"minecraft:birch_boat":3,"minecraft:furnace":1,"minecraft:bookshelf":8,"minecraft:diamond_helmet":4,"minecraft:diamond_leggings":3,"minecraft:iron_boots":12,"minecraft:iron_axe":1,"minecraft:ladder":3,"minecraft:ender_pearl":22,"minecraft:stone_pickaxe":29,"minecraft:chest":1,"minecraft:diamond_boots":3,"minecraft:dark_oak_planks":8,"minecraft:ender_eye":11,"minecraft:chainmail_leggings":12,"minecraft:cooked_beef":2,"minecraft:diamond_sword":1,"minecraft:emerald":86,"minecraft:diamond_axe":3,"minecraft:crafting_table":4,"minecraft:wooden_pickaxe":1,"minecraft:iron_helmet":6,"minecraft:iron_sword":1,"minecraft:bell":6,"minecraft:birch_planks":88,"minecraft:bucket":4,"minecraft:stone_axe":13,"minecraft:glowstone":10,"minecraft:enchanted_book":60,"minecraft:bread":18,"minecraft:acacia_boat":2,"minecraft:air":0,"minecraft:diamond_pickaxe":4,"minecraft:shield":1,"minecraft:stick":24,"minecraft:iron_ingot":9,"minecraft:iron_pickaxe":1,"minecraft:chainmail_boots":12,"minecraft:wooden_axe":1,"minecraft:iron_block":13,"minecraft:anvil":4,"minecraft:white_bed":1,"minecraft:acacia_planks":28,"minecraft:lapis_lazuli":12,"minecraft:diamond_chestplate":3,"minecraft:golden_carrot":66},"minecraft:picked_up":{"minecraft:shulker_shell":51,"minecraft:crafting_table":7,"minecraft:wheat":18,"minecraft:azure_bluet":66,"minecraft:chainmail_boots":5,"minecraft:chicken":3,"minecraft:leather_leggings":1,"minecraft:diamond_sword":4,"minecraft:wooden_pickaxe":1,"minecraft:enchanted_book":2,"minecraft:stone_brick_stairs":2,"minecraft:dragon_head":1,"minecraft:brewing_stand":2,"minecraft:shield":1,"minecraft:cornflower":13,"minecraft:music_disc_cat":1,"minecraft:string":15,"minecraft:red_bed":2,"minecraft:elytra":1,"minecraft:cooked_salmon":6,"minecraft:experience_bottle":96,"minecraft:diamond_leggings":1,"minecraft:bucket":1,"minecraft:acacia_sign":51,"minecraft:beef":9,"minecraft:poppy":1,"minecraft:lectern":139,"minecraft:enchanted_golden_apple":1,"minecraft:sugar_cane":2,"minecraft:chest":2,"minecraft:furnace":1,"minecraft:diamond_hoe":1,"minecraft:iron_boots":6,"minecraft:egg":2,"minecraft:stick":10,"minecraft:raw_iron":3,"minecraft:sandstone":10,"minecraft:end_stone":4,"minecraft:torch":3,"minecraft:acacia_log":45,"minecraft:porkchop":2,"minecraft:cookie":128,"minecraft:carrot":7,"minecraft:iron_horse_armor":1,"minecraft:dark_oak_planks":3,"minecraft:tnt":2,"minecraft:orange_bed":10,"minecraft:rotten_flesh":19,"minecraft:arrow":14,"minecraft:diamond_chestplate":1,"minecraft:cooked_cod":8,"minecraft:diamond_boots":1,"minecraft:armadillo_scute":10,"minecraft:saddle":2,"minecraft:bookshelf":38,"minecraft:gold_ingot":4,"minecraft:blaze_rod":8,"minecraft:mutton":4,"minecraft:obsidian":11,"minecraft:iron_bars":1,"minecraft:blaze_powder":6,"minecraft:white_wool":3,"minecraft:cobblestone":190,"minecraft:birch_log":22,"minecraft:enchanting_table":1,"minecraft:feather":8,"minecraft:golden_carrot":64,"minecraft:iron_door":1,"minecraft:water_bucket":2,"minecraft:leather":7,"minecraft:filled_map":1,"minecraft:birch_planks":33,"minecraft:tuff":12,"minecraft:lapis_lazuli":181,"minecraft:dirt":430,"minecraft:bone":29,"minecraft:kelp":4,"minecraft:bow":1,"minecraft:wheat_seeds":66,"minecraft:iron_ingot":18,"minecraft:heart_of_the_sea":1,"minecraft:stone_pickaxe":1,"minecraft:diamond_helmet":2,"minecraft:fletching_table":2,"minecraft:acacia_sapling":2,"minecraft:book":639,"minecraft:birch_boat":2,"minecraft:quartz":6,"minecraft:dandelion":5,"minecraft:sand":15,"minecraft:white_bed":7,"minecraft:dark_oak_log":36,"minecraft:spider_eye":2,"minecraft:diamond_shovel":2,"minecraft:diamond":130,"minecraft:stone_axe":7,"minecraft:chainmail_leggings":3,"minecraft:iron_helmet":4,"minecraft:granite":23,"minecraft:diamond_axe":2,"minecraft:bread":1,"minecraft:emerald":113,"minecraft:acacia_slab":5,"minecraft:coal":23,"minecraft:ender_pearl":23,"minecraft:crimson_roots":2,"minecraft:diamond_pickaxe":5},"minecraft:custom":{"minecraft:interact_with_smithing_table":1,"minecraft:mob_kills":51,"minecraft:interact_with_anvil":84,"minecraft:animals_bred":1,"minecraft:interact_with_crafting_table":74,"minecraft:bell_ring":1,"minecraft:leave_game":6,"minecraft:time_since_death":19732,"minecraft:climb_one_cm":1287,"minecraft:damage_resisted":2440,"minecraft:sprint_one_cm":441329,"minecraft:walk_one_cm":786403,"minecraft:damage_blocked_by_shield":790,"minecraft:drop":256,"minecraft:talked_to_villager":539,"minecraft:play_time":308939,"minecraft:deaths":3,"minecraft:sneak_time":8488,"minecraft:walk_under_water_one_cm":16755,"minecraft:boat_one_cm":180157,"minecraft:jump":3765,"minecraft:interact_with_brewingstand":1,"minecraft:interact_with_blast_furnace":1,"minecraft:walk_on_water_one_cm":25424,"minecraft:enchant_item":1,"minecraft:total_world_time":308939,"minecraft:interact_with_furnace":5,"minecraft:traded_with_villager":353,"minecraft:interact_with_grindstone":5,"minecraft:sleep_in_bed":19,"minecraft:time_since_rest":15771,"minecraft:damage_taken":4103,"minecraft:damage_absorbed":1946,"minecraft:damage_dealt":9342,"minecraft:swim_one_cm":56117,"minecraft:fly_one_cm":838708,"minecraft:player_kills":3,"minecraft:open_chest":295,"minecraft:crouch_one_cm":37691,"minecraft:aviate_one_cm":1750377,"minecraft:fall_one_cm":131779,"minecraft:horse_one_cm":17916},"minecraft:killed_by":{"minecraft:player":1},"minecraft:dropped":{"minecraft:enchanted_book":4,"minecraft:water_bucket":1,"minecraft:iron_ingot":6,"minecraft:acacia_boat":1,"minecraft:wheat_seeds":3,"minecraft:lapis_lazuli":100,"minecraft:bookshelf":62,"minecraft:ender_pearl":37,"minecraft:diamond":120,"minecraft:feather":4,"minecraft:cobblestone":55,"minecraft:book":20,"minecraft:acacia_log":45,"minecraft:coal":7,"minecraft:emerald":1357,"minecraft:stick":12,"minecraft:acacia_sign":68,"minecraft:dirt":134,"minecraft:brewing_stand":1,"minecraft:golden_carrot":9,"minecraft:torch":1,"minecraft:crimson_roots":2,"minecraft:armadillo_scute":3,"minecraft:cooked_salmon":2,"minecraft:diamond_helmet":1,"minecraft:potion":1,"minecraft:sand":12,"minecraft:iron_axe":1,"minecraft:bucket":5,"minecraft:string":1,"minecraft:bone":27,"minecraft:kelp":2,"minecraft:obsidian":1,"minecraft:experience_bottle":116,"minecraft:rotten_flesh":13,"minecraft:enchanted_golden_apple":11,"minecraft:azure_bluet":2,"minecraft:blaze_powder":1,"minecraft:white_bed":1,"minecraft:carrot":255,"minecraft:diamond_sword":3,"minecraft:firework_star":64,"minecraft:shulker_shell":25,"minecraft:poppy":1,"minecraft:shield":1,"minecraft:diamond_pickaxe":3,"minecraft:spider_eye":1,"minecraft:birch_boat":1,"minecraft:arrow":98,"minecraft:wooden_pickaxe":1,"minecraft:stone_brick_stairs":2,"minecraft:quartz":6,"minecraft:firework_rocket":59,"minecraft:lectern":17,"minecraft:enchanting_table":1},"minecraft:mined":{"minecraft:dragon_wall_head":1,"minecraft:tuff":12,"minecraft:white_bed":3,"minecraft:dark_oak_leaves":3,"minecraft:dark_oak_log":36,"minecraft:brewing_stand":2,"minecraft:end_stone":16,"minecraft:obsidian":2,"minecraft:granite":24,"minecraft:grass_block":167,"minecraft:acacia_slab":5,"minecraft:sandstone":10,"minecraft:furnace":1,"minecraft:iron_ore":5,"minecraft:fire":7,"minecraft:andesite":2,"minecraft:fletching_table":2,"minecraft:bookshelf":8,"minecraft:dirt_path":24,"minecraft:iron_bars":1,"minecraft:end_stone_bricks":2,"minecraft:stone":552,"minecraft:ender_chest":1,"minecraft:orange_bed":10,"minecraft:red_bed":2,"minecraft:crafting_table":6,"minecraft:short_grass":38,"minecraft:chest":1,"minecraft:lectern":123,"minecraft:cobblestone":2,"minecraft:nether_quartz_ore":3,"minecraft:purpur_pillar":1,"minecraft:tall_grass":9,"minecraft:sugar_cane":2,"minecraft:diorite":4,"minecraft:iron_door":1,"minecraft:wall_torch":2,"minecraft:birch_log":23,"minecraft:purpur_block":1,"minecraft:coal_ore":9,"minecraft:sand":14,"minecraft:dirt":475,"minecraft:cracked_stone_bricks":1,"minecraft:stone_bricks":2,"minecraft:mossy_stone_bricks":1,"minecraft:oak_leaves":1,"minecraft:acacia_wall_sign":1,"minecraft:deepslate":18},"minecraft:killed":{"minecraft:spider":5,"minecraft:shulker":2,"minecraft:skeleton":8,"minecraft:chicken":2,"minecraft:pig":3,"minecraft:creeper":1,"minecraft:sheep":3,"minecraft:zombie":5,"minecraft:wither_skeleton":5,"minecraft:blaze":5,"minecraft:enderman":2,"minecraft:cow":6}},"DataVersion":3955}