{"stats":{"minecraft:picked_up":{"minecraft:shulker_shell":25,"minecraft:crafting_table":2,"minecraft:azure_bluet":6,"minecraft:ladder":2,"minecraft:diamond_sword":2,"minecraft:enchanted_book":1,"minecraft:cornflower":13,"minecraft:string":4,"minecraft:red_bed":1,"minecraft:elytra":1,"minecraft:diamond_leggings":1,"minecraft:candle":2,"minecraft:acacia_fence_gate":1,"minecraft:poppy":1,"minecraft:lectern":1,"minecraft:egg":2,"minecraft:raw_iron":6,"minecraft:stick":16,"minecraft:acacia_fence":9,"minecraft:torch":28,"minecraft:acacia_log":22,"minecraft:porkchop":5,"minecraft:cookie":60,"minecraft:orange_bed":2,"minecraft:tnt":1,"minecraft:diamond_chestplate":1,"minecraft:arrow":110,"minecraft:rotten_flesh":21,"minecraft:hay_block":22,"minecraft:diamond_boots":2,"minecraft:armadillo_scute":17,"minecraft:saddle":1,"minecraft:mutton":4,"minecraft:obsidian":8,"minecraft:cobblestone":156,"minecraft:white_wool":2,"minecraft:birch_log":12,"minecraft:water_bucket":1,"minecraft:andesite":5,"minecraft:acacia_wood":16,"minecraft:birch_planks":1,"minecraft:flint":1,"minecraft:oak_log":8,"minecraft:dirt":60,"minecraft:bone":9,"minecraft:acacia_planks":64,"minecraft:kelp":22,"minecraft:bow":1,"minecraft:wheat_seeds":21,"minecraft:iron_ingot":10,"minecraft:glowstone_dust":3,"minecraft:book":1,"minecraft:birch_boat":5,"minecraft:dandelion":6,"minecraft:gravel":2,"minecraft:white_bed":4,"minecraft:grass_block":2,"minecraft:dragon_egg":1,"minecraft:spider_eye":2,"minecraft:firework_rocket":118,"minecraft:diamond_shovel":1,"minecraft:diamond":1,"minecraft:diamond_axe":1,"minecraft:emerald":128,"minecraft:acacia_slab":4,"minecraft:coal":186,"minecraft:diamond_pickaxe":4,"minecraft:ender_pearl":7},"minecraft:crafted":{"minecraft:oak_planks":28,"minecraft:acacia_pressure_plate":1,"minecraft:birch_boat":2,"minecraft:birch_slab":6,"minecraft:acacia_fence_gate":1,"minecraft:diamond_helmet":1,"minecraft:diamond_leggings":2,"minecraft:chest":2,"minecraft:acacia_fence":48,"minecraft:wheat":198,"minecraft:cooked_beef":2,"minecraft:crafting_table":4,"minecraft:bucket":1,"minecraft:birch_planks":48,"minecraft:bread":66,"minecraft:air":0,"minecraft:stick":52,"minecraft:acacia_planks":152,"minecraft:diamond_chestplate":1},"minecraft:killed_by":{"minecraft:player":3,"minecraft:creeper":3,"minecraft:zombie":2},"minecraft:dropped":{"minecraft:porkchop":2,"minecraft:candle":2,"minecraft:birch_planks":2,"minecraft:wheat_seeds":12,"minecraft:diamond_leggings":2,"minecraft:cobblestone":8,"minecraft:book":4,"minecraft:saddle":1,"minecraft:grass_block":2,"minecraft:birch_slab":5,"minecraft:stick":32,"minecraft:flint":1,"minecraft:dirt":49,"minecraft:cornflower":13,"minecraft:diamond_helmet":1,"minecraft:acacia_fence_gate":1,"minecraft:armadillo_scute":6,"minecraft:string":4,"minecraft:white_wool":2,"minecraft:acacia_planks":136,"minecraft:dandelion":5,"minecraft:bone":8,"minecraft:gravel":2,"minecraft:kelp":22,"minecraft:iron_nugget":15,"minecraft:raw_iron":4,"minecraft:azure_bluet":6,"minecraft:diamond_chestplate":1,"minecraft:dragon_egg":1,"minecraft:andesite":4,"minecraft:acacia_slab":4,"minecraft:ladder":1,"minecraft:spider_eye":2,"minecraft:diamond_boots":1,"minecraft:arrow":8,"minecraft:acacia_fence":17,"minecraft:acacia_pressure_plate":1,"minecraft:lectern":1},"minecraft:used":{"minecraft:flint_and_steel":28,"minecraft:ladder":1,"minecraft:chest":2,"minecraft:rotten_flesh":4,"minecraft:dirt":8,"minecraft:mutton":2,"minecraft:diamond_helmet":1,"minecraft:golden_carrot":1,"minecraft:acacia_fence":36,"minecraft:egg":2,"minecraft:cooked_beef":2,"minecraft:water_bucket":3,"minecraft:birch_boat":7,"minecraft:diamond_axe":115,"minecraft:cookie":4,"minecraft:crafting_table":6,"minecraft:cake":2,"minecraft:diamond_pickaxe":101,"minecraft:firework_rocket":118,"minecraft:birch_slab":1,"minecraft:bread":4,"minecraft:acacia_fence_gate":1,"minecraft:diamond_sword":8,"minecraft:fire_charge":1,"minecraft:cobblestone":142,"minecraft:andesite":1,"minecraft:bucket":3},"minecraft:custom":{"minecraft:mob_kills":14,"minecraft:interact_with_anvil":1,"minecraft:interact_with_crafting_table":11,"minecraft:eat_cake_slice":5,"minecraft:leave_game":2,"minecraft:time_since_death":1835,"minecraft:climb_one_cm":1728,"minecraft:sprint_one_cm":141000,"minecraft:walk_one_cm":250995,"minecraft:drop":69,"minecraft:talked_to_villager":17,"minecraft:play_time":80545,"minecraft:deaths":10,"minecraft:sneak_time":2188,"minecraft:walk_under_water_one_cm":15076,"minecraft:boat_one_cm":35036,"minecraft:jump":1632,"minecraft:interact_with_brewingstand":1,"minecraft:walk_on_water_one_cm":14380,"minecraft:total_world_time":80545,"minecraft:interact_with_furnace":1,"minecraft:traded_with_villager":4,"minecraft:sleep_in_bed":2,"minecraft:time_since_rest":1866,"minecraft:damage_taken":4720,"minecraft:damage_dealt":2395,"minecraft:swim_one_cm":13420,"minecraft:fly_one_cm":290347,"minecraft:open_chest":79,"minecraft:crouch_one_cm":5699,"minecraft:aviate_one_cm":338699,"minecraft:fall_one_cm":45633},"minecraft:killed":{"minecraft:spider":2,"minecraft:skeleton":2,"minecraft:pig":2,"minecraft:iron_golem":1,"minecraft:sheep":1,"minecraft:zombie":4,"minecraft:villager":2},"minecraft:mined":{"minecraft:white_bed":1,"minecraft:candle":1,"minecraft:acacia_log":22,"minecraft:grass_block":18,"minecraft:hay_block":22,"minecraft:iron_ore":3,"minecraft:fire":22,"minecraft:acacia_wood":16,"minecraft:andesite":4,"minecraft:stone":79,"minecraft:cake":2,"minecraft:acacia_leaves":1,"minecraft:kelp_plant":1,"minecraft:crafting_table":2,"minecraft:short_grass":156,"minecraft:tall_grass":25,"minecraft:cobblestone":7,"minecraft:acacia_fence_gate":1,"minecraft:birch_log":12,"minecraft:birch_leaves":1,"minecraft:coal_ore":1,"minecraft:oak_log":8,"minecraft:acacia_fence":5,"minecraft:gravel":2,"minecraft:sand":2,"minecraft:dirt":13,"minecraft:cracked_stone_bricks":1,"minecraft:oak_leaves":4,"minecraft:fern":10}},"DataVersion":3955}