{"stats":{"minecraft:used":{"minecraft:iron_axe":45,"minecraft:red_bed":1,"minecraft:smithing_table":1},"minecraft:crafted":{"minecraft:diamond_helmet":1,"minecraft:diamond_leggings":1,"minecraft:emerald":7,"minecraft:diamond_hoe":3,"minecraft:iron_pickaxe":3,"minecraft:diamond_boots":1,"minecraft:smithing_table":1,"minecraft:stone_axe":12,"minecraft:diamond_chestplate":1},"minecraft:picked_up":{"minecraft:crafting_table":1,"minecraft:chainmail_boots":7,"minecraft:smithing_table":1,"minecraft:golden_leggings":1,"minecraft:enchanted_book":1,"minecraft:dirt":1,"minecraft:red_bed":1,"minecraft:iron_axe":1,"minecraft:stone_shovel":1,"minecraft:stone_axe":3,"minecraft:iron_helmet":2,"minecraft:chainmail_leggings":9,"minecraft:bell":6,"minecraft:iron_ingot":24,"minecraft:spire_armor_trim_smithing_template":1,"minecraft:emerald":199,"minecraft:poppy":6,"minecraft:diamond_hoe":2,"minecraft:iron_boots":6},"minecraft:custom":{"minecraft:time_since_rest":6124,"minecraft:interact_with_smithing_table":1,"minecraft:sprint_one_cm":10084,"minecraft:damage_taken":312,"minecraft:walk_one_cm":37551,"minecraft:mob_kills":4,"minecraft:drop":6,"minecraft:damage_dealt":3043,"minecraft:traded_with_villager":29,"minecraft:interact_with_crafting_table":2,"minecraft:talked_to_villager":12,"minecraft:fly_one_cm":8189,"minecraft:open_chest":13,"minecraft:crouch_one_cm":99,"minecraft:play_time":17926,"minecraft:deaths":1,"minecraft:sneak_time":54,"minecraft:jump":150,"minecraft:time_since_death":15055,"minecraft:sleep_in_bed":1,"minecraft:climb_one_cm":294,"minecraft:total_world_time":17926,"minecraft:fall_one_cm":1363},"minecraft:killed_by":{"minecraft:pillager":1},"minecraft:dropped":{"minecraft:enchanted_book":1,"minecraft:poppy":3,"minecraft:stone_axe":2,"minecraft:smithing_table":1,"minecraft:spire_armor_trim_smithing_template":1},"minecraft:killed":{"minecraft:iron_golem":4}},"DataVersion":3955}