{"stats":{"minecraft:used":{"minecraft:diamond_pickaxe":24,"minecraft:iron_axe":45,"minecraft:diamond_sword":16,"minecraft:cobblestone":9,"minecraft:red_bed":1,"minecraft:smithing_table":1},"minecraft:crafted":{"minecraft:glass":48,"minecraft:diamond_helmet":3,"minecraft:diamond_leggings":3,"minecraft:emerald":19,"minecraft:diamond_pickaxe":3,"minecraft:diamond_axe":3,"minecraft:experience_bottle":12,"minecraft:diamond_hoe":6,"minecraft:compass":12,"minecraft:iron_pickaxe":6,"minecraft:diamond_boots":3,"minecraft:smithing_table":1,"minecraft:diamond_shovel":3,"minecraft:name_tag":8,"minecraft:bookshelf":19,"minecraft:stone_axe":12,"minecraft:enchanted_book":22,"minecraft:diamond_chestplate":3},"minecraft:picked_up":{"minecraft:crafting_table":1,"minecraft:chainmail_boots":7,"minecraft:golden_carrot":25,"minecraft:smithing_table":2,"minecraft:golden_leggings":1,"minecraft:diamond_sword":2,"minecraft:enchanted_book":3,"minecraft:dirt":1,"minecraft:red_bed":1,"minecraft:iron_axe":1,"minecraft:stone_shovel":1,"minecraft:diamond":35,"minecraft:stone_axe":3,"minecraft:diamond_leggings":1,"minecraft:diamond_boots":1,"minecraft:iron_helmet":2,"minecraft:chainmail_leggings":9,"minecraft:bell":6,"minecraft:iron_block":3,"minecraft:iron_ingot":140,"minecraft:spire_armor_trim_smithing_template":1,"minecraft:emerald":713,"minecraft:poppy":10,"minecraft:cobblestone":27,"minecraft:diamond_hoe":2,"minecraft:iron_boots":6},"minecraft:custom":{"minecraft:time_since_rest":24629,"minecraft:interact_with_smithing_table":1,"minecraft:sprint_one_cm":13178,"minecraft:damage_taken":341,"minecraft:walk_one_cm":60230,"minecraft:mob_kills":7,"minecraft:drop":24,"minecraft:damage_dealt":4210,"minecraft:traded_with_villager":149,"minecraft:player_kills":1,"minecraft:interact_with_crafting_table":2,"minecraft:talked_to_villager":43,"minecraft:fly_one_cm":11711,"minecraft:open_chest":21,"minecraft:crouch_one_cm":796,"minecraft:play_time":36431,"minecraft:deaths":1,"minecraft:sneak_time":252,"minecraft:jump":226,"minecraft:leave_game":1,"minecraft:time_since_death":33560,"minecraft:sleep_in_bed":1,"minecraft:climb_one_cm":294,"minecraft:total_world_time":36431,"minecraft:fall_one_cm":2180},"minecraft:killed_by":{"minecraft:pillager":1},"minecraft:dropped":{"minecraft:diamond_sword":1,"minecraft:enchanted_book":3,"minecraft:iron_block":3,"minecraft:iron_ingot":116,"minecraft:poppy":3,"minecraft:stone_axe":2,"minecraft:golden_carrot":25,"minecraft:smithing_table":1,"minecraft:diamond_hoe":2,"minecraft:diamond_leggings":1,"minecraft:diamond_shovel":3,"minecraft:diamond_boots":1,"minecraft:spire_armor_trim_smithing_template":1,"minecraft:iron_pickaxe":3},"minecraft:mined":{"minecraft:cobblestone":2,"minecraft:stone":22},"minecraft:killed":{"minecraft:iron_golem":6}},"DataVersion":3955}