{"stats":{"minecraft:used":{"minecraft:red_bed":1},"minecraft:picked_up":{"minecraft:iron_axe":1,"minecraft:crafting_table":1,"minecraft:chainmail_boots":7,"minecraft:stone_shovel":1,"minecraft:stone_axe":1,"minecraft:golden_leggings":1,"minecraft:chainmail_leggings":9,"minecraft:bell":6,"minecraft:iron_helmet":2,"minecraft:emerald":192,"minecraft:red_bed":1,"minecraft:dirt":1,"minecraft:diamond_hoe":2,"minecraft:iron_boots":6},"minecraft:custom":{"minecraft:open_chest":2,"minecraft:time_since_rest":3086,"minecraft:crouch_one_cm":93,"minecraft:walk_one_cm":12814,"minecraft:play_time":5926,"minecraft:sprint_one_cm":4733,"minecraft:damage_taken":260,"minecraft:deaths":1,"minecraft:sneak_time":21,"minecraft:jump":51,"minecraft:damage_dealt":10,"minecraft:time_since_death":3055,"minecraft:total_world_time":5926,"minecraft:fly_one_cm":4711,"minecraft:fall_one_cm":211},"minecraft:killed_by":{"minecraft:pillager":1}},"DataVersion":3955}