{"stats":{"minecraft:used":{"minecraft:diamond_pickaxe":1,"minecraft:iron_axe":45,"minecraft:diamond_sword":14,"minecraft:cobblestone":1,"minecraft:red_bed":1,"minecraft:smithing_table":1},"minecraft:crafted":{"minecraft:diamond_helmet":3,"minecraft:diamond_leggings":1,"minecraft:emerald":7,"minecraft:diamond_pickaxe":1,"minecraft:diamond_axe":1,"minecraft:experience_bottle":12,"minecraft:diamond_hoe":6,"minecraft:iron_pickaxe":6,"minecraft:diamond_boots":1,"minecraft:smithing_table":1,"minecraft:diamond_shovel":3,"minecraft:bookshelf":7,"minecraft:stone_axe":12,"minecraft:enchanted_book":10,"minecraft:diamond_chestplate":3},"minecraft:picked_up":{"minecraft:crafting_table":1,"minecraft:chainmail_boots":7,"minecraft:golden_carrot":25,"minecraft:smithing_table":2,"minecraft:golden_leggings":1,"minecraft:diamond_sword":2,"minecraft:enchanted_book":3,"minecraft:dirt":1,"minecraft:red_bed":1,"minecraft:iron_axe":1,"minecraft:stone_shovel":1,"minecraft:diamond":35,"minecraft:stone_axe":3,"minecraft:diamond_leggings":1,"minecraft:diamond_boots":1,"minecraft:iron_helmet":2,"minecraft:chainmail_leggings":9,"minecraft:bell":6,"minecraft:iron_block":3,"minecraft:iron_ingot":140,"minecraft:spire_armor_trim_smithing_template":1,"minecraft:emerald":521,"minecraft:poppy":10,"minecraft:cobblestone":8,"minecraft:diamond_hoe":2,"minecraft:iron_boots":6},"minecraft:custom":{"minecraft:time_since_rest":18124,"minecraft:interact_with_smithing_table":1,"minecraft:sprint_one_cm":11234,"minecraft:damage_taken":323,"minecraft:walk_one_cm":52652,"minecraft:mob_kills":7,"minecraft:drop":21,"minecraft:damage_dealt":4201,"minecraft:traded_with_villager":73,"minecraft:player_kills":1,"minecraft:interact_with_crafting_table":2,"minecraft:talked_to_villager":32,"minecraft:fly_one_cm":8877,"minecraft:open_chest":17,"minecraft:crouch_one_cm":224,"minecraft:play_time":29926,"minecraft:deaths":1,"minecraft:sneak_time":79,"minecraft:jump":181,"minecraft:time_since_death":27055,"minecraft:sleep_in_bed":1,"minecraft:climb_one_cm":294,"minecraft:total_world_time":29926,"minecraft:fall_one_cm":1698},"minecraft:killed_by":{"minecraft:pillager":1},"minecraft:dropped":{"minecraft:diamond_sword":1,"minecraft:enchanted_book":3,"minecraft:iron_block":3,"minecraft:iron_ingot":116,"minecraft:poppy":3,"minecraft:stone_axe":2,"minecraft:golden_carrot":25,"minecraft:smithing_table":1,"minecraft:diamond_hoe":2,"minecraft:diamond_leggings":1,"minecraft:diamond_boots":1,"minecraft:spire_armor_trim_smithing_template":1,"minecraft:iron_pickaxe":3},"minecraft:mined":{"minecraft:stone":1},"minecraft:killed":{"minecraft:iron_golem":6}},"DataVersion":3955}