{"stats":{"minecraft:picked_up":{"minecraft:book":3,"minecraft:raw_iron":7,"minecraft:stick":2,"minecraft:crafting_table":2,"minecraft:torch":1,"minecraft:diamond_sword":1,"minecraft:dandelion":1,"minecraft:oak_log":7,"minecraft:dirt":17,"minecraft:rotten_flesh":9,"minecraft:diamond":56,"minecraft:wheat_seeds":1,"minecraft:diamond_leggings":1,"minecraft:diamond_boots":1,"minecraft:granite":23,"minecraft:iron_ingot":2,"minecraft:armadillo_scute":4,"minecraft:bookshelf":62,"minecraft:emerald":237,"minecraft:diamond_helmet":1,"minecraft:lectern":37,"minecraft:coal":10,"minecraft:cobblestone":56},"minecraft:crafted":{"minecraft:oak_slab":12,"minecraft:oak_planks":28,"minecraft:lectern":3,"minecraft:diamond_pickaxe":1,"minecraft:shield":1,"minecraft:diamond_axe":1,"minecraft:crafting_table":2,"minecraft:stick":16,"minecraft:stone_pickaxe":1,"minecraft:furnace":1,"minecraft:diamond_shovel":1,"minecraft:diamond_chestplate":1},"minecraft:used":{"minecraft:diamond_pickaxe":7,"minecraft:bookshelf":1,"minecraft:stone_pickaxe":86,"minecraft:lectern":32,"minecraft:diamond_axe":28,"minecraft:crafting_table":3,"minecraft:furnace":1,"minecraft:granite":14},"minecraft:custom":{"minecraft:time_since_rest":19228,"minecraft:interact_with_furnace":3,"minecraft:sprint_one_cm":33728,"minecraft:damage_taken":2,"minecraft:walk_one_cm":36755,"minecraft:damage_dealt":6,"minecraft:talked_to_villager":37,"minecraft:interact_with_crafting_table":9,"minecraft:fly_one_cm":25517,"minecraft:crouch_one_cm":341,"minecraft:play_time":19228,"minecraft:sneak_time":211,"minecraft:jump":210,"minecraft:leave_game":1,"minecraft:walk_on_water_one_cm":2796,"minecraft:time_since_death":19228,"minecraft:total_world_time":19228,"minecraft:fall_one_cm":2624},"minecraft:mined":{"minecraft:iron_ore":7,"minecraft:crafting_table":2,"minecraft:granite":23,"minecraft:short_grass":1,"minecraft:bookshelf":1,"minecraft:coal_ore":10,"minecraft:oak_log":7,"minecraft:dirt":1,"minecraft:lectern":27,"minecraft:stone":51,"minecraft:oak_leaves":1,"minecraft:wall_torch":1}},"DataVersion":3955}